Original Frame,Matched Frames
frame_000002.png,"frame_000002.png, frame_000003.png, frame_000004.png, frame_000005.png, frame_000006.png, frame_000007.png, frame_000008.png"
frame_000003.png,"frame_000002.png, frame_000003.png, frame_000004.png, frame_000005.png, frame_000006.png, frame_000007.png, frame_000008.png, frame_000009.png"
frame_000004.png,"frame_000002.png, frame_000003.png, frame_000004.png, frame_000005.png, frame_000006.png, frame_000007.png, frame_000008.png, frame_000009.png, frame_000010.png"
frame_000005.png,"frame_000002.png, frame_000003.png, frame_000004.png, frame_000005.png, frame_000006.png, frame_000007.png, frame_000008.png, frame_000009.png, frame_000010.png, frame_000011.png"
frame_000006.png,"frame_000002.png, frame_000003.png, frame_000004.png, frame_000005.png, frame_000006.png, frame_000007.png, frame_000008.png, frame_000009.png, frame_000010.png, frame_000011.png, frame_000012.png"
frame_000007.png,"frame_000002.png, frame_000003.png, frame_000004.png, frame_000005.png, frame_000006.png, frame_000007.png, frame_000008.png, frame_000009.png, frame_000010.png, frame_000011.png, frame_000012.png, frame_000013.png"
frame_000008.png,"frame_000002.png, frame_000003.png, frame_000004.png, frame_000005.png, frame_000006.png, frame_000007.png, frame_000008.png, frame_000009.png, frame_000010.png, frame_000011.png, frame_000012.png, frame_000013.png, frame_000014.png"
frame_000009.png,"frame_000003.png, frame_000004.png, frame_000005.png, frame_000006.png, frame_000007.png, frame_000008.png, frame_000009.png, frame_000010.png, frame_000011.png, frame_000012.png, frame_000013.png, frame_000014.png, frame_000015.png"
frame_000010.png,"frame_000004.png, frame_000005.png, frame_000006.png, frame_000007.png, frame_000008.png, frame_000009.png, frame_000010.png, frame_000011.png, frame_000012.png, frame_000013.png, frame_000014.png, frame_000015.png, frame_000016.png"
frame_000011.png,"frame_000005.png, frame_000006.png, frame_000007.png, frame_000008.png, frame_000009.png, frame_000010.png, frame_000011.png, frame_000012.png, frame_000013.png, frame_000014.png, frame_000015.png, frame_000016.png, frame_000017.png"
frame_000012.png,"frame_000006.png, frame_000007.png, frame_000008.png, frame_000009.png, frame_000010.png, frame_000011.png, frame_000012.png, frame_000013.png, frame_000014.png, frame_000015.png, frame_000016.png, frame_000017.png, frame_000018.png"
frame_000013.png,"frame_000007.png, frame_000008.png, frame_000009.png, frame_000010.png, frame_000011.png, frame_000012.png, frame_000013.png, frame_000014.png, frame_000015.png, frame_000016.png, frame_000017.png, frame_000018.png, frame_000019.png"
frame_000014.png,"frame_000008.png, frame_000009.png, frame_000010.png, frame_000011.png, frame_000012.png, frame_000013.png, frame_000014.png, frame_000015.png, frame_000016.png, frame_000017.png, frame_000018.png, frame_000019.png, frame_000020.png"
frame_000015.png,"frame_000009.png, frame_000010.png, frame_000011.png, frame_000012.png, frame_000013.png, frame_000014.png, frame_000015.png, frame_000016.png, frame_000017.png, frame_000018.png, frame_000019.png, frame_000020.png, frame_000021.png"
frame_000016.png,"frame_000010.png, frame_000011.png, frame_000012.png, frame_000013.png, frame_000014.png, frame_000015.png, frame_000016.png, frame_000017.png, frame_000018.png, frame_000019.png, frame_000020.png, frame_000021.png"
frame_000017.png,"frame_000011.png, frame_000012.png, frame_000013.png, frame_000014.png, frame_000015.png, frame_000016.png, frame_000017.png, frame_000018.png, frame_000019.png, frame_000020.png, frame_000021.png"
frame_000018.png,"frame_000012.png, frame_000013.png, frame_000014.png, frame_000015.png, frame_000016.png, frame_000017.png, frame_000018.png, frame_000019.png, frame_000020.png, frame_000021.png"
frame_000019.png,"frame_000013.png, frame_000014.png, frame_000015.png, frame_000016.png, frame_000017.png, frame_000018.png, frame_000019.png, frame_000020.png, frame_000021.png"
frame_000020.png,"frame_000014.png, frame_000015.png, frame_000016.png, frame_000017.png, frame_000018.png, frame_000019.png, frame_000020.png, frame_000021.png"
frame_000021.png,"frame_000015.png, frame_000016.png, frame_000017.png, frame_000018.png, frame_000019.png, frame_000020.png, frame_000021.png"
frame_000022.png,"frame_000016.png, frame_000017.png, frame_000018.png, frame_000019.png, frame_000020.png, frame_000021.png"
frame_000023.png,"frame_000017.png, frame_000018.png, frame_000019.png, frame_000020.png, frame_000021.png"
frame_000024.png,"frame_000018.png, frame_000019.png, frame_000020.png, frame_000021.png"
frame_000025.png,"frame_000019.png, frame_000020.png, frame_000021.png"
frame_000026.png,"frame_000020.png, frame_000021.png"
frame_000026.png,"frame_000021.png, frame_000022.png, frame_000023.png, frame_000024.png, frame_000025.png, frame_000026.png, frame_000027.png, frame_000028.png, frame_000029.png, frame_000030.png, frame_000031.png, frame_000032.png"
frame_000027.png,"frame_000021.png, frame_000022.png, frame_000023.png, frame_000024.png, frame_000025.png, frame_000026.png, frame_000027.png, frame_000028.png, frame_000029.png, frame_000030.png, frame_000031.png, frame_000032.png, frame_000033.png"
frame_000028.png,"frame_000022.png, frame_000023.png, frame_000024.png, frame_000025.png, frame_000026.png, frame_000027.png, frame_000028.png, frame_000029.png, frame_000030.png, frame_000031.png, frame_000032.png, frame_000033.png, frame_000034.png"
frame_000029.png,"frame_000023.png, frame_000024.png, frame_000025.png, frame_000026.png, frame_000027.png, frame_000028.png, frame_000029.png, frame_000030.png, frame_000031.png, frame_000032.png, frame_000033.png, frame_000034.png, frame_000035.png"
frame_000030.png,"frame_000024.png, frame_000025.png, frame_000026.png, frame_000027.png, frame_000028.png, frame_000029.png, frame_000030.png, frame_000031.png, frame_000032.png, frame_000033.png, frame_000034.png, frame_000035.png, frame_000036.png"
frame_000031.png,"frame_000025.png, frame_000026.png, frame_000027.png, frame_000028.png, frame_000029.png, frame_000030.png, frame_000031.png, frame_000032.png, frame_000033.png, frame_000034.png, frame_000035.png, frame_000036.png, frame_000037.png"
frame_000032.png,"frame_000026.png, frame_000027.png, frame_000028.png, frame_000029.png, frame_000030.png, frame_000031.png, frame_000032.png, frame_000033.png, frame_000034.png, frame_000035.png, frame_000036.png, frame_000037.png, frame_000038.png"
frame_000033.png,"frame_000027.png, frame_000028.png, frame_000029.png, frame_000030.png, frame_000031.png, frame_000032.png, frame_000033.png, frame_000034.png, frame_000035.png, frame_000036.png, frame_000037.png, frame_000038.png, frame_000039.png"
frame_000034.png,"frame_000028.png, frame_000029.png, frame_000030.png, frame_000031.png, frame_000032.png, frame_000033.png, frame_000034.png, frame_000035.png, frame_000036.png, frame_000037.png, frame_000038.png, frame_000039.png, frame_000040.png"
frame_000035.png,"frame_000029.png, frame_000030.png, frame_000031.png, frame_000032.png, frame_000033.png, frame_000034.png, frame_000035.png, frame_000036.png, frame_000037.png, frame_000038.png, frame_000039.png, frame_000040.png, frame_000041.png"
frame_000036.png,"frame_000030.png, frame_000031.png, frame_000032.png, frame_000033.png, frame_000034.png, frame_000035.png, frame_000036.png, frame_000037.png, frame_000038.png, frame_000039.png, frame_000040.png, frame_000041.png, frame_000042.png"
frame_000037.png,"frame_000031.png, frame_000032.png, frame_000033.png, frame_000034.png, frame_000035.png, frame_000036.png, frame_000037.png, frame_000038.png, frame_000039.png, frame_000040.png, frame_000041.png, frame_000042.png, frame_000043.png"
frame_000038.png,"frame_000032.png, frame_000033.png, frame_000034.png, frame_000035.png, frame_000036.png, frame_000037.png, frame_000038.png, frame_000039.png, frame_000040.png, frame_000041.png, frame_000042.png, frame_000043.png, frame_000044.png"
frame_000039.png,"frame_000033.png, frame_000034.png, frame_000035.png, frame_000036.png, frame_000037.png, frame_000038.png, frame_000039.png, frame_000040.png, frame_000041.png, frame_000042.png, frame_000043.png, frame_000044.png, frame_000045.png"
frame_000040.png,"frame_000034.png, frame_000035.png, frame_000036.png, frame_000037.png, frame_000038.png, frame_000039.png, frame_000040.png, frame_000041.png, frame_000042.png, frame_000043.png, frame_000044.png, frame_000045.png, frame_000046.png"
frame_000041.png,"frame_000035.png, frame_000036.png, frame_000037.png, frame_000038.png, frame_000039.png, frame_000040.png, frame_000041.png, frame_000042.png, frame_000043.png, frame_000044.png, frame_000045.png, frame_000046.png"
frame_000042.png,"frame_000036.png, frame_000037.png, frame_000038.png, frame_000039.png, frame_000040.png, frame_000041.png, frame_000042.png, frame_000043.png, frame_000044.png, frame_000045.png, frame_000046.png"
frame_000043.png,"frame_000037.png, frame_000038.png, frame_000039.png, frame_000040.png, frame_000041.png, frame_000042.png, frame_000043.png, frame_000044.png, frame_000045.png, frame_000046.png"
frame_000044.png,"frame_000038.png, frame_000039.png, frame_000040.png, frame_000041.png, frame_000042.png, frame_000043.png, frame_000044.png, frame_000045.png, frame_000046.png"
frame_000045.png,"frame_000039.png, frame_000040.png, frame_000041.png, frame_000042.png, frame_000043.png, frame_000044.png, frame_000045.png, frame_000046.png"
frame_000046.png,"frame_000040.png, frame_000041.png, frame_000042.png, frame_000043.png, frame_000044.png, frame_000045.png, frame_000046.png"
frame_000047.png,"frame_000041.png, frame_000042.png, frame_000043.png, frame_000044.png, frame_000045.png, frame_000046.png"
frame_000048.png,"frame_000042.png, frame_000043.png, frame_000044.png, frame_000045.png, frame_000046.png"
frame_000049.png,"frame_000043.png, frame_000044.png, frame_000045.png, frame_000046.png"
frame_000050.png,"frame_000044.png, frame_000045.png, frame_000046.png"
frame_000051.png,"frame_000045.png, frame_000046.png"
frame_000052.png,frame_000046.png
frame_000053.png,
frame_000054.png,
frame_000055.png,
frame_000056.png,
frame_000056.png,"frame_000052.png, frame_000053.png, frame_000054.png, frame_000055.png, frame_000056.png, frame_000057.png, frame_000058.png, frame_000059.png, frame_000060.png"
frame_000057.png,"frame_000053.png, frame_000054.png, frame_000055.png, frame_000056.png, frame_000057.png, frame_000058.png, frame_000059.png, frame_000060.png, frame_000061.png"
frame_000058.png,"frame_000054.png, frame_000055.png, frame_000056.png, frame_000057.png, frame_000058.png, frame_000059.png, frame_000060.png, frame_000061.png, frame_000062.png"
frame_000059.png,"frame_000055.png, frame_000056.png, frame_000057.png, frame_000058.png, frame_000059.png, frame_000060.png, frame_000061.png, frame_000062.png, frame_000063.png"
frame_000060.png,"frame_000056.png, frame_000057.png, frame_000058.png, frame_000059.png, frame_000060.png, frame_000061.png, frame_000062.png, frame_000063.png, frame_000064.png"
frame_000061.png,"frame_000057.png, frame_000058.png, frame_000059.png, frame_000060.png, frame_000061.png, frame_000062.png, frame_000063.png, frame_000064.png, frame_000065.png"
frame_000062.png,"frame_000058.png, frame_000059.png, frame_000060.png, frame_000061.png, frame_000062.png, frame_000063.png, frame_000064.png, frame_000065.png, frame_000066.png"
frame_000063.png,"frame_000059.png, frame_000060.png, frame_000061.png, frame_000062.png, frame_000063.png, frame_000064.png, frame_000065.png, frame_000066.png, frame_000067.png"
frame_000064.png,"frame_000060.png, frame_000061.png, frame_000062.png, frame_000063.png, frame_000064.png, frame_000065.png, frame_000066.png, frame_000067.png, frame_000068.png"
frame_000065.png,"frame_000061.png, frame_000062.png, frame_000063.png, frame_000064.png, frame_000065.png, frame_000066.png, frame_000067.png, frame_000068.png"
frame_000066.png,"frame_000062.png, frame_000063.png, frame_000064.png, frame_000065.png, frame_000066.png, frame_000067.png, frame_000068.png"
frame_000067.png,"frame_000063.png, frame_000064.png, frame_000065.png, frame_000066.png, frame_000067.png, frame_000068.png"
frame_000068.png,"frame_000064.png, frame_000065.png, frame_000066.png, frame_000067.png, frame_000068.png"
frame_000069.png,"frame_000065.png, frame_000066.png, frame_000067.png, frame_000068.png"
frame_000070.png,"frame_000066.png, frame_000067.png, frame_000068.png"
frame_000071.png,"frame_000067.png, frame_000068.png"
frame_000072.png,frame_000068.png
frame_000073.png,
frame_000074.png,
frame_000075.png,
frame_000076.png,
frame_000077.png,
frame_000078.png,
frame_000079.png,
frame_000080.png,
frame_000081.png,
frame_000081.png,
frame_000082.png,
frame_000083.png,
frame_000084.png,
frame_000085.png,
frame_000086.png,
frame_000086.png,
frame_000087.png,
frame_000088.png,
frame_000088.png,
frame_000089.png,
frame_000090.png,
frame_000091.png,
frame_000092.png,
frame_000093.png,
frame_000094.png,
frame_000095.png,
frame_000096.png,
frame_000097.png,
frame_000098.png,
frame_000099.png,
frame_000100.png,
frame_000100.png,
frame_000101.png,
frame_000102.png,
frame_000103.png,
frame_000104.png,
frame_000105.png,
frame_000106.png,
frame_000107.png,
frame_000108.png,
frame_000108.png,
frame_000109.png,
frame_000110.png,
frame_000110.png,
frame_000111.png,
frame_000112.png,
frame_000113.png,
frame_000113.png,
frame_000114.png,
frame_000115.png,
frame_000116.png,
frame_000116.png,
frame_000117.png,
frame_000118.png,
frame_000119.png,
frame_000120.png,
frame_000121.png,
frame_000122.png,
frame_000123.png,
frame_000124.png,
frame_000124.png,
frame_000125.png,
frame_000126.png,
frame_000127.png,
frame_000128.png,
frame_000129.png,
frame_000130.png,
frame_000131.png,
frame_000131.png,
frame_000132.png,
frame_000133.png,
frame_000134.png,
frame_000135.png,
frame_000136.png,
frame_000137.png,
frame_000137.png,
frame_000138.png,
frame_000138.png,
frame_000139.png,
frame_000140.png,
frame_000141.png,
frame_000142.png,
frame_000143.png,
frame_000143.png,
frame_000144.png,
frame_000144.png,"frame_000126.png, frame_000127.png, frame_000128.png, frame_000129.png, frame_000130.png, frame_000131.png, frame_000132.png, frame_000133.png, frame_000134.png, frame_000135.png, frame_000136.png, frame_000137.png, frame_000138.png, frame_000139.png, frame_000140.png, frame_000141.png, frame_000142.png, frame_000143.png, frame_000144.png, frame_000145.png, frame_000146.png, frame_000147.png, frame_000148.png, frame_000149.png, frame_000150.png, frame_000151.png, frame_000152.png, frame_000153.png, frame_000154.png, frame_000155.png, frame_000156.png, frame_000157.png, frame_000158.png, frame_000159.png, frame_000160.png, frame_000161.png, frame_000162.png"
frame_000145.png,"frame_000127.png, frame_000128.png, frame_000129.png, frame_000130.png, frame_000131.png, frame_000132.png, frame_000133.png, frame_000134.png, frame_000135.png, frame_000136.png, frame_000137.png, frame_000138.png, frame_000139.png, frame_000140.png, frame_000141.png, frame_000142.png, frame_000143.png, frame_000144.png, frame_000145.png, frame_000146.png, frame_000147.png, frame_000148.png, frame_000149.png, frame_000150.png, frame_000151.png, frame_000152.png, frame_000153.png, frame_000154.png, frame_000155.png, frame_000156.png, frame_000157.png, frame_000158.png, frame_000159.png, frame_000160.png, frame_000161.png, frame_000162.png, frame_000163.png"
frame_000146.png,"frame_000128.png, frame_000129.png, frame_000130.png, frame_000131.png, frame_000132.png, frame_000133.png, frame_000134.png, frame_000135.png, frame_000136.png, frame_000137.png, frame_000138.png, frame_000139.png, frame_000140.png, frame_000141.png, frame_000142.png, frame_000143.png, frame_000144.png, frame_000145.png, frame_000146.png, frame_000147.png, frame_000148.png, frame_000149.png, frame_000150.png, frame_000151.png, frame_000152.png, frame_000153.png, frame_000154.png, frame_000155.png, frame_000156.png, frame_000157.png, frame_000158.png, frame_000159.png, frame_000160.png, frame_000161.png, frame_000162.png, frame_000163.png, frame_000164.png"
frame_000147.png,"frame_000129.png, frame_000130.png, frame_000131.png, frame_000132.png, frame_000133.png, frame_000134.png, frame_000135.png, frame_000136.png, frame_000137.png, frame_000138.png, frame_000139.png, frame_000140.png, frame_000141.png, frame_000142.png, frame_000143.png, frame_000144.png, frame_000145.png, frame_000146.png, frame_000147.png, frame_000148.png, frame_000149.png, frame_000150.png, frame_000151.png, frame_000152.png, frame_000153.png, frame_000154.png, frame_000155.png, frame_000156.png, frame_000157.png, frame_000158.png, frame_000159.png, frame_000160.png, frame_000161.png, frame_000162.png, frame_000163.png, frame_000164.png, frame_000165.png"
frame_000148.png,"frame_000130.png, frame_000131.png, frame_000132.png, frame_000133.png, frame_000134.png, frame_000135.png, frame_000136.png, frame_000137.png, frame_000138.png, frame_000139.png, frame_000140.png, frame_000141.png, frame_000142.png, frame_000143.png, frame_000144.png, frame_000145.png, frame_000146.png, frame_000147.png, frame_000148.png, frame_000149.png, frame_000150.png, frame_000151.png, frame_000152.png, frame_000153.png, frame_000154.png, frame_000155.png, frame_000156.png, frame_000157.png, frame_000158.png, frame_000159.png, frame_000160.png, frame_000161.png, frame_000162.png, frame_000163.png, frame_000164.png, frame_000165.png, frame_000166.png"
frame_000149.png,"frame_000131.png, frame_000132.png, frame_000133.png, frame_000134.png, frame_000135.png, frame_000136.png, frame_000137.png, frame_000138.png, frame_000139.png, frame_000140.png, frame_000141.png, frame_000142.png, frame_000143.png, frame_000144.png, frame_000145.png, frame_000146.png, frame_000147.png, frame_000148.png, frame_000149.png, frame_000150.png, frame_000151.png, frame_000152.png, frame_000153.png, frame_000154.png, frame_000155.png, frame_000156.png, frame_000157.png, frame_000158.png, frame_000159.png, frame_000160.png, frame_000161.png, frame_000162.png, frame_000163.png, frame_000164.png, frame_000165.png, frame_000166.png, frame_000167.png"
frame_000150.png,"frame_000132.png, frame_000133.png, frame_000134.png, frame_000135.png, frame_000136.png, frame_000137.png, frame_000138.png, frame_000139.png, frame_000140.png, frame_000141.png, frame_000142.png, frame_000143.png, frame_000144.png, frame_000145.png, frame_000146.png, frame_000147.png, frame_000148.png, frame_000149.png, frame_000150.png, frame_000151.png, frame_000152.png, frame_000153.png, frame_000154.png, frame_000155.png, frame_000156.png, frame_000157.png, frame_000158.png, frame_000159.png, frame_000160.png, frame_000161.png, frame_000162.png, frame_000163.png, frame_000164.png, frame_000165.png, frame_000166.png, frame_000167.png, frame_000168.png"
frame_000151.png,"frame_000133.png, frame_000134.png, frame_000135.png, frame_000136.png, frame_000137.png, frame_000138.png, frame_000139.png, frame_000140.png, frame_000141.png, frame_000142.png, frame_000143.png, frame_000144.png, frame_000145.png, frame_000146.png, frame_000147.png, frame_000148.png, frame_000149.png, frame_000150.png, frame_000151.png, frame_000152.png, frame_000153.png, frame_000154.png, frame_000155.png, frame_000156.png, frame_000157.png, frame_000158.png, frame_000159.png, frame_000160.png, frame_000161.png, frame_000162.png, frame_000163.png, frame_000164.png, frame_000165.png, frame_000166.png, frame_000167.png, frame_000168.png, frame_000169.png"
frame_000152.png,"frame_000134.png, frame_000135.png, frame_000136.png, frame_000137.png, frame_000138.png, frame_000139.png, frame_000140.png, frame_000141.png, frame_000142.png, frame_000143.png, frame_000144.png, frame_000145.png, frame_000146.png, frame_000147.png, frame_000148.png, frame_000149.png, frame_000150.png, frame_000151.png, frame_000152.png, frame_000153.png, frame_000154.png, frame_000155.png, frame_000156.png, frame_000157.png, frame_000158.png, frame_000159.png, frame_000160.png, frame_000161.png, frame_000162.png, frame_000163.png, frame_000164.png, frame_000165.png, frame_000166.png, frame_000167.png, frame_000168.png, frame_000169.png, frame_000170.png"
frame_000153.png,"frame_000135.png, frame_000136.png, frame_000137.png, frame_000138.png, frame_000139.png, frame_000140.png, frame_000141.png, frame_000142.png, frame_000143.png, frame_000144.png, frame_000145.png, frame_000146.png, frame_000147.png, frame_000148.png, frame_000149.png, frame_000150.png, frame_000151.png, frame_000152.png, frame_000153.png, frame_000154.png, frame_000155.png, frame_000156.png, frame_000157.png, frame_000158.png, frame_000159.png, frame_000160.png, frame_000161.png, frame_000162.png, frame_000163.png, frame_000164.png, frame_000165.png, frame_000166.png, frame_000167.png, frame_000168.png, frame_000169.png, frame_000170.png, frame_000171.png"
frame_000154.png,"frame_000136.png, frame_000137.png, frame_000138.png, frame_000139.png, frame_000140.png, frame_000141.png, frame_000142.png, frame_000143.png, frame_000144.png, frame_000145.png, frame_000146.png, frame_000147.png, frame_000148.png, frame_000149.png, frame_000150.png, frame_000151.png, frame_000152.png, frame_000153.png, frame_000154.png, frame_000155.png, frame_000156.png, frame_000157.png, frame_000158.png, frame_000159.png, frame_000160.png, frame_000161.png, frame_000162.png, frame_000163.png, frame_000164.png, frame_000165.png, frame_000166.png, frame_000167.png, frame_000168.png, frame_000169.png, frame_000170.png, frame_000171.png, frame_000172.png"
frame_000155.png,"frame_000137.png, frame_000138.png, frame_000139.png, frame_000140.png, frame_000141.png, frame_000142.png, frame_000143.png, frame_000144.png, frame_000145.png, frame_000146.png, frame_000147.png, frame_000148.png, frame_000149.png, frame_000150.png, frame_000151.png, frame_000152.png, frame_000153.png, frame_000154.png, frame_000155.png, frame_000156.png, frame_000157.png, frame_000158.png, frame_000159.png, frame_000160.png, frame_000161.png, frame_000162.png, frame_000163.png, frame_000164.png, frame_000165.png, frame_000166.png, frame_000167.png, frame_000168.png, frame_000169.png, frame_000170.png, frame_000171.png, frame_000172.png, frame_000173.png"
frame_000156.png,"frame_000138.png, frame_000139.png, frame_000140.png, frame_000141.png, frame_000142.png, frame_000143.png, frame_000144.png, frame_000145.png, frame_000146.png, frame_000147.png, frame_000148.png, frame_000149.png, frame_000150.png, frame_000151.png, frame_000152.png, frame_000153.png, frame_000154.png, frame_000155.png, frame_000156.png, frame_000157.png, frame_000158.png, frame_000159.png, frame_000160.png, frame_000161.png, frame_000162.png, frame_000163.png, frame_000164.png, frame_000165.png, frame_000166.png, frame_000167.png, frame_000168.png, frame_000169.png, frame_000170.png, frame_000171.png, frame_000172.png, frame_000173.png, frame_000174.png"
frame_000157.png,"frame_000139.png, frame_000140.png, frame_000141.png, frame_000142.png, frame_000143.png, frame_000144.png, frame_000145.png, frame_000146.png, frame_000147.png, frame_000148.png, frame_000149.png, frame_000150.png, frame_000151.png, frame_000152.png, frame_000153.png, frame_000154.png, frame_000155.png, frame_000156.png, frame_000157.png, frame_000158.png, frame_000159.png, frame_000160.png, frame_000161.png, frame_000162.png, frame_000163.png, frame_000164.png, frame_000165.png, frame_000166.png, frame_000167.png, frame_000168.png, frame_000169.png, frame_000170.png, frame_000171.png, frame_000172.png, frame_000173.png, frame_000174.png, frame_000175.png"
frame_000158.png,"frame_000140.png, frame_000141.png, frame_000142.png, frame_000143.png, frame_000144.png, frame_000145.png, frame_000146.png, frame_000147.png, frame_000148.png, frame_000149.png, frame_000150.png, frame_000151.png, frame_000152.png, frame_000153.png, frame_000154.png, frame_000155.png, frame_000156.png, frame_000157.png, frame_000158.png, frame_000159.png, frame_000160.png, frame_000161.png, frame_000162.png, frame_000163.png, frame_000164.png, frame_000165.png, frame_000166.png, frame_000167.png, frame_000168.png, frame_000169.png, frame_000170.png, frame_000171.png, frame_000172.png, frame_000173.png, frame_000174.png, frame_000175.png, frame_000176.png"
frame_000159.png,"frame_000141.png, frame_000142.png, frame_000143.png, frame_000144.png, frame_000145.png, frame_000146.png, frame_000147.png, frame_000148.png, frame_000149.png, frame_000150.png, frame_000151.png, frame_000152.png, frame_000153.png, frame_000154.png, frame_000155.png, frame_000156.png, frame_000157.png, frame_000158.png, frame_000159.png, frame_000160.png, frame_000161.png, frame_000162.png, frame_000163.png, frame_000164.png, frame_000165.png, frame_000166.png, frame_000167.png, frame_000168.png, frame_000169.png, frame_000170.png, frame_000171.png, frame_000172.png, frame_000173.png, frame_000174.png, frame_000175.png, frame_000176.png, frame_000177.png"
frame_000160.png,"frame_000142.png, frame_000143.png, frame_000144.png, frame_000145.png, frame_000146.png, frame_000147.png, frame_000148.png, frame_000149.png, frame_000150.png, frame_000151.png, frame_000152.png, frame_000153.png, frame_000154.png, frame_000155.png, frame_000156.png, frame_000157.png, frame_000158.png, frame_000159.png, frame_000160.png, frame_000161.png, frame_000162.png, frame_000163.png, frame_000164.png, frame_000165.png, frame_000166.png, frame_000167.png, frame_000168.png, frame_000169.png, frame_000170.png, frame_000171.png, frame_000172.png, frame_000173.png, frame_000174.png, frame_000175.png, frame_000176.png, frame_000177.png, frame_000178.png"
frame_000161.png,"frame_000143.png, frame_000144.png, frame_000145.png, frame_000146.png, frame_000147.png, frame_000148.png, frame_000149.png, frame_000150.png, frame_000151.png, frame_000152.png, frame_000153.png, frame_000154.png, frame_000155.png, frame_000156.png, frame_000157.png, frame_000158.png, frame_000159.png, frame_000160.png, frame_000161.png, frame_000162.png, frame_000163.png, frame_000164.png, frame_000165.png, frame_000166.png, frame_000167.png, frame_000168.png, frame_000169.png, frame_000170.png, frame_000171.png, frame_000172.png, frame_000173.png, frame_000174.png, frame_000175.png, frame_000176.png, frame_000177.png, frame_000178.png, frame_000179.png"
frame_000162.png,"frame_000144.png, frame_000145.png, frame_000146.png, frame_000147.png, frame_000148.png, frame_000149.png, frame_000150.png, frame_000151.png, frame_000152.png, frame_000153.png, frame_000154.png, frame_000155.png, frame_000156.png, frame_000157.png, frame_000158.png, frame_000159.png, frame_000160.png, frame_000161.png, frame_000162.png, frame_000163.png, frame_000164.png, frame_000165.png, frame_000166.png, frame_000167.png, frame_000168.png, frame_000169.png, frame_000170.png, frame_000171.png, frame_000172.png, frame_000173.png, frame_000174.png, frame_000175.png, frame_000176.png, frame_000177.png, frame_000178.png, frame_000179.png, frame_000180.png"
frame_000163.png,"frame_000145.png, frame_000146.png, frame_000147.png, frame_000148.png, frame_000149.png, frame_000150.png, frame_000151.png, frame_000152.png, frame_000153.png, frame_000154.png, frame_000155.png, frame_000156.png, frame_000157.png, frame_000158.png, frame_000159.png, frame_000160.png, frame_000161.png, frame_000162.png, frame_000163.png, frame_000164.png, frame_000165.png, frame_000166.png, frame_000167.png, frame_000168.png, frame_000169.png, frame_000170.png, frame_000171.png, frame_000172.png, frame_000173.png, frame_000174.png, frame_000175.png, frame_000176.png, frame_000177.png, frame_000178.png, frame_000179.png, frame_000180.png, frame_000181.png"
frame_000164.png,"frame_000146.png, frame_000147.png, frame_000148.png, frame_000149.png, frame_000150.png, frame_000151.png, frame_000152.png, frame_000153.png, frame_000154.png, frame_000155.png, frame_000156.png, frame_000157.png, frame_000158.png, frame_000159.png, frame_000160.png, frame_000161.png, frame_000162.png, frame_000163.png, frame_000164.png, frame_000165.png, frame_000166.png, frame_000167.png, frame_000168.png, frame_000169.png, frame_000170.png, frame_000171.png, frame_000172.png, frame_000173.png, frame_000174.png, frame_000175.png, frame_000176.png, frame_000177.png, frame_000178.png, frame_000179.png, frame_000180.png, frame_000181.png, frame_000182.png"
frame_000165.png,"frame_000147.png, frame_000148.png, frame_000149.png, frame_000150.png, frame_000151.png, frame_000152.png, frame_000153.png, frame_000154.png, frame_000155.png, frame_000156.png, frame_000157.png, frame_000158.png, frame_000159.png, frame_000160.png, frame_000161.png, frame_000162.png, frame_000163.png, frame_000164.png, frame_000165.png, frame_000166.png, frame_000167.png, frame_000168.png, frame_000169.png, frame_000170.png, frame_000171.png, frame_000172.png, frame_000173.png, frame_000174.png, frame_000175.png, frame_000176.png, frame_000177.png, frame_000178.png, frame_000179.png, frame_000180.png, frame_000181.png, frame_000182.png, frame_000183.png"
frame_000166.png,"frame_000148.png, frame_000149.png, frame_000150.png, frame_000151.png, frame_000152.png, frame_000153.png, frame_000154.png, frame_000155.png, frame_000156.png, frame_000157.png, frame_000158.png, frame_000159.png, frame_000160.png, frame_000161.png, frame_000162.png, frame_000163.png, frame_000164.png, frame_000165.png, frame_000166.png, frame_000167.png, frame_000168.png, frame_000169.png, frame_000170.png, frame_000171.png, frame_000172.png, frame_000173.png, frame_000174.png, frame_000175.png, frame_000176.png, frame_000177.png, frame_000178.png, frame_000179.png, frame_000180.png, frame_000181.png, frame_000182.png, frame_000183.png, frame_000184.png"
frame_000167.png,"frame_000149.png, frame_000150.png, frame_000151.png, frame_000152.png, frame_000153.png, frame_000154.png, frame_000155.png, frame_000156.png, frame_000157.png, frame_000158.png, frame_000159.png, frame_000160.png, frame_000161.png, frame_000162.png, frame_000163.png, frame_000164.png, frame_000165.png, frame_000166.png, frame_000167.png, frame_000168.png, frame_000169.png, frame_000170.png, frame_000171.png, frame_000172.png, frame_000173.png, frame_000174.png, frame_000175.png, frame_000176.png, frame_000177.png, frame_000178.png, frame_000179.png, frame_000180.png, frame_000181.png, frame_000182.png, frame_000183.png, frame_000184.png, frame_000185.png"
frame_000168.png,"frame_000150.png, frame_000151.png, frame_000152.png, frame_000153.png, frame_000154.png, frame_000155.png, frame_000156.png, frame_000157.png, frame_000158.png, frame_000159.png, frame_000160.png, frame_000161.png, frame_000162.png, frame_000163.png, frame_000164.png, frame_000165.png, frame_000166.png, frame_000167.png, frame_000168.png, frame_000169.png, frame_000170.png, frame_000171.png, frame_000172.png, frame_000173.png, frame_000174.png, frame_000175.png, frame_000176.png, frame_000177.png, frame_000178.png, frame_000179.png, frame_000180.png, frame_000181.png, frame_000182.png, frame_000183.png, frame_000184.png, frame_000185.png, frame_000186.png"
frame_000169.png,"frame_000151.png, frame_000152.png, frame_000153.png, frame_000154.png, frame_000155.png, frame_000156.png, frame_000157.png, frame_000158.png, frame_000159.png, frame_000160.png, frame_000161.png, frame_000162.png, frame_000163.png, frame_000164.png, frame_000165.png, frame_000166.png, frame_000167.png, frame_000168.png, frame_000169.png, frame_000170.png, frame_000171.png, frame_000172.png, frame_000173.png, frame_000174.png, frame_000175.png, frame_000176.png, frame_000177.png, frame_000178.png, frame_000179.png, frame_000180.png, frame_000181.png, frame_000182.png, frame_000183.png, frame_000184.png, frame_000185.png, frame_000186.png, frame_000187.png"
frame_000170.png,"frame_000152.png, frame_000153.png, frame_000154.png, frame_000155.png, frame_000156.png, frame_000157.png, frame_000158.png, frame_000159.png, frame_000160.png, frame_000161.png, frame_000162.png, frame_000163.png, frame_000164.png, frame_000165.png, frame_000166.png, frame_000167.png, frame_000168.png, frame_000169.png, frame_000170.png, frame_000171.png, frame_000172.png, frame_000173.png, frame_000174.png, frame_000175.png, frame_000176.png, frame_000177.png, frame_000178.png, frame_000179.png, frame_000180.png, frame_000181.png, frame_000182.png, frame_000183.png, frame_000184.png, frame_000185.png, frame_000186.png, frame_000187.png, frame_000188.png"
frame_000171.png,"frame_000153.png, frame_000154.png, frame_000155.png, frame_000156.png, frame_000157.png, frame_000158.png, frame_000159.png, frame_000160.png, frame_000161.png, frame_000162.png, frame_000163.png, frame_000164.png, frame_000165.png, frame_000166.png, frame_000167.png, frame_000168.png, frame_000169.png, frame_000170.png, frame_000171.png, frame_000172.png, frame_000173.png, frame_000174.png, frame_000175.png, frame_000176.png, frame_000177.png, frame_000178.png, frame_000179.png, frame_000180.png, frame_000181.png, frame_000182.png, frame_000183.png, frame_000184.png, frame_000185.png, frame_000186.png, frame_000187.png, frame_000188.png, frame_000189.png"
frame_000172.png,"frame_000154.png, frame_000155.png, frame_000156.png, frame_000157.png, frame_000158.png, frame_000159.png, frame_000160.png, frame_000161.png, frame_000162.png, frame_000163.png, frame_000164.png, frame_000165.png, frame_000166.png, frame_000167.png, frame_000168.png, frame_000169.png, frame_000170.png, frame_000171.png, frame_000172.png, frame_000173.png, frame_000174.png, frame_000175.png, frame_000176.png, frame_000177.png, frame_000178.png, frame_000179.png, frame_000180.png, frame_000181.png, frame_000182.png, frame_000183.png, frame_000184.png, frame_000185.png, frame_000186.png, frame_000187.png, frame_000188.png, frame_000189.png, frame_000190.png"
frame_000173.png,"frame_000155.png, frame_000156.png, frame_000157.png, frame_000158.png, frame_000159.png, frame_000160.png, frame_000161.png, frame_000162.png, frame_000163.png, frame_000164.png, frame_000165.png, frame_000166.png, frame_000167.png, frame_000168.png, frame_000169.png, frame_000170.png, frame_000171.png, frame_000172.png, frame_000173.png, frame_000174.png, frame_000175.png, frame_000176.png, frame_000177.png, frame_000178.png, frame_000179.png, frame_000180.png, frame_000181.png, frame_000182.png, frame_000183.png, frame_000184.png, frame_000185.png, frame_000186.png, frame_000187.png, frame_000188.png, frame_000189.png, frame_000190.png, frame_000191.png"
frame_000174.png,"frame_000156.png, frame_000157.png, frame_000158.png, frame_000159.png, frame_000160.png, frame_000161.png, frame_000162.png, frame_000163.png, frame_000164.png, frame_000165.png, frame_000166.png, frame_000167.png, frame_000168.png, frame_000169.png, frame_000170.png, frame_000171.png, frame_000172.png, frame_000173.png, frame_000174.png, frame_000175.png, frame_000176.png, frame_000177.png, frame_000178.png, frame_000179.png, frame_000180.png, frame_000181.png, frame_000182.png, frame_000183.png, frame_000184.png, frame_000185.png, frame_000186.png, frame_000187.png, frame_000188.png, frame_000189.png, frame_000190.png, frame_000191.png, frame_000192.png"
frame_000175.png,"frame_000157.png, frame_000158.png, frame_000159.png, frame_000160.png, frame_000161.png, frame_000162.png, frame_000163.png, frame_000164.png, frame_000165.png, frame_000166.png, frame_000167.png, frame_000168.png, frame_000169.png, frame_000170.png, frame_000171.png, frame_000172.png, frame_000173.png, frame_000174.png, frame_000175.png, frame_000176.png, frame_000177.png, frame_000178.png, frame_000179.png, frame_000180.png, frame_000181.png, frame_000182.png, frame_000183.png, frame_000184.png, frame_000185.png, frame_000186.png, frame_000187.png, frame_000188.png, frame_000189.png, frame_000190.png, frame_000191.png, frame_000192.png, frame_000193.png"
frame_000176.png,"frame_000158.png, frame_000159.png, frame_000160.png, frame_000161.png, frame_000162.png, frame_000163.png, frame_000164.png, frame_000165.png, frame_000166.png, frame_000167.png, frame_000168.png, frame_000169.png, frame_000170.png, frame_000171.png, frame_000172.png, frame_000173.png, frame_000174.png, frame_000175.png, frame_000176.png, frame_000177.png, frame_000178.png, frame_000179.png, frame_000180.png, frame_000181.png, frame_000182.png, frame_000183.png, frame_000184.png, frame_000185.png, frame_000186.png, frame_000187.png, frame_000188.png, frame_000189.png, frame_000190.png, frame_000191.png, frame_000192.png, frame_000193.png, frame_000194.png"
frame_000177.png,"frame_000159.png, frame_000160.png, frame_000161.png, frame_000162.png, frame_000163.png, frame_000164.png, frame_000165.png, frame_000166.png, frame_000167.png, frame_000168.png, frame_000169.png, frame_000170.png, frame_000171.png, frame_000172.png, frame_000173.png, frame_000174.png, frame_000175.png, frame_000176.png, frame_000177.png, frame_000178.png, frame_000179.png, frame_000180.png, frame_000181.png, frame_000182.png, frame_000183.png, frame_000184.png, frame_000185.png, frame_000186.png, frame_000187.png, frame_000188.png, frame_000189.png, frame_000190.png, frame_000191.png, frame_000192.png, frame_000193.png, frame_000194.png, frame_000195.png"
frame_000178.png,"frame_000160.png, frame_000161.png, frame_000162.png, frame_000163.png, frame_000164.png, frame_000165.png, frame_000166.png, frame_000167.png, frame_000168.png, frame_000169.png, frame_000170.png, frame_000171.png, frame_000172.png, frame_000173.png, frame_000174.png, frame_000175.png, frame_000176.png, frame_000177.png, frame_000178.png, frame_000179.png, frame_000180.png, frame_000181.png, frame_000182.png, frame_000183.png, frame_000184.png, frame_000185.png, frame_000186.png, frame_000187.png, frame_000188.png, frame_000189.png, frame_000190.png, frame_000191.png, frame_000192.png, frame_000193.png, frame_000194.png, frame_000195.png, frame_000196.png"
frame_000179.png,"frame_000161.png, frame_000162.png, frame_000163.png, frame_000164.png, frame_000165.png, frame_000166.png, frame_000167.png, frame_000168.png, frame_000169.png, frame_000170.png, frame_000171.png, frame_000172.png, frame_000173.png, frame_000174.png, frame_000175.png, frame_000176.png, frame_000177.png, frame_000178.png, frame_000179.png, frame_000180.png, frame_000181.png, frame_000182.png, frame_000183.png, frame_000184.png, frame_000185.png, frame_000186.png, frame_000187.png, frame_000188.png, frame_000189.png, frame_000190.png, frame_000191.png, frame_000192.png, frame_000193.png, frame_000194.png, frame_000195.png, frame_000196.png, frame_000197.png"
frame_000180.png,"frame_000162.png, frame_000163.png, frame_000164.png, frame_000165.png, frame_000166.png, frame_000167.png, frame_000168.png, frame_000169.png, frame_000170.png, frame_000171.png, frame_000172.png, frame_000173.png, frame_000174.png, frame_000175.png, frame_000176.png, frame_000177.png, frame_000178.png, frame_000179.png, frame_000180.png, frame_000181.png, frame_000182.png, frame_000183.png, frame_000184.png, frame_000185.png, frame_000186.png, frame_000187.png, frame_000188.png, frame_000189.png, frame_000190.png, frame_000191.png, frame_000192.png, frame_000193.png, frame_000194.png, frame_000195.png, frame_000196.png, frame_000197.png, frame_000198.png"
frame_000181.png,"frame_000163.png, frame_000164.png, frame_000165.png, frame_000166.png, frame_000167.png, frame_000168.png, frame_000169.png, frame_000170.png, frame_000171.png, frame_000172.png, frame_000173.png, frame_000174.png, frame_000175.png, frame_000176.png, frame_000177.png, frame_000178.png, frame_000179.png, frame_000180.png, frame_000181.png, frame_000182.png, frame_000183.png, frame_000184.png, frame_000185.png, frame_000186.png, frame_000187.png, frame_000188.png, frame_000189.png, frame_000190.png, frame_000191.png, frame_000192.png, frame_000193.png, frame_000194.png, frame_000195.png, frame_000196.png, frame_000197.png, frame_000198.png, frame_000199.png"
frame_000182.png,"frame_000164.png, frame_000165.png, frame_000166.png, frame_000167.png, frame_000168.png, frame_000169.png, frame_000170.png, frame_000171.png, frame_000172.png, frame_000173.png, frame_000174.png, frame_000175.png, frame_000176.png, frame_000177.png, frame_000178.png, frame_000179.png, frame_000180.png, frame_000181.png, frame_000182.png, frame_000183.png, frame_000184.png, frame_000185.png, frame_000186.png, frame_000187.png, frame_000188.png, frame_000189.png, frame_000190.png, frame_000191.png, frame_000192.png, frame_000193.png, frame_000194.png, frame_000195.png, frame_000196.png, frame_000197.png, frame_000198.png, frame_000199.png, frame_000200.png"
frame_000183.png,"frame_000165.png, frame_000166.png, frame_000167.png, frame_000168.png, frame_000169.png, frame_000170.png, frame_000171.png, frame_000172.png, frame_000173.png, frame_000174.png, frame_000175.png, frame_000176.png, frame_000177.png, frame_000178.png, frame_000179.png, frame_000180.png, frame_000181.png, frame_000182.png, frame_000183.png, frame_000184.png, frame_000185.png, frame_000186.png, frame_000187.png, frame_000188.png, frame_000189.png, frame_000190.png, frame_000191.png, frame_000192.png, frame_000193.png, frame_000194.png, frame_000195.png, frame_000196.png, frame_000197.png, frame_000198.png, frame_000199.png, frame_000200.png, frame_000201.png"
frame_000184.png,"frame_000166.png, frame_000167.png, frame_000168.png, frame_000169.png, frame_000170.png, frame_000171.png, frame_000172.png, frame_000173.png, frame_000174.png, frame_000175.png, frame_000176.png, frame_000177.png, frame_000178.png, frame_000179.png, frame_000180.png, frame_000181.png, frame_000182.png, frame_000183.png, frame_000184.png, frame_000185.png, frame_000186.png, frame_000187.png, frame_000188.png, frame_000189.png, frame_000190.png, frame_000191.png, frame_000192.png, frame_000193.png, frame_000194.png, frame_000195.png, frame_000196.png, frame_000197.png, frame_000198.png, frame_000199.png, frame_000200.png, frame_000201.png"
frame_000185.png,"frame_000167.png, frame_000168.png, frame_000169.png, frame_000170.png, frame_000171.png, frame_000172.png, frame_000173.png, frame_000174.png, frame_000175.png, frame_000176.png, frame_000177.png, frame_000178.png, frame_000179.png, frame_000180.png, frame_000181.png, frame_000182.png, frame_000183.png, frame_000184.png, frame_000185.png, frame_000186.png, frame_000187.png, frame_000188.png, frame_000189.png, frame_000190.png, frame_000191.png, frame_000192.png, frame_000193.png, frame_000194.png, frame_000195.png, frame_000196.png, frame_000197.png, frame_000198.png, frame_000199.png, frame_000200.png, frame_000201.png"
frame_000186.png,"frame_000168.png, frame_000169.png, frame_000170.png, frame_000171.png, frame_000172.png, frame_000173.png, frame_000174.png, frame_000175.png, frame_000176.png, frame_000177.png, frame_000178.png, frame_000179.png, frame_000180.png, frame_000181.png, frame_000182.png, frame_000183.png, frame_000184.png, frame_000185.png, frame_000186.png, frame_000187.png, frame_000188.png, frame_000189.png, frame_000190.png, frame_000191.png, frame_000192.png, frame_000193.png, frame_000194.png, frame_000195.png, frame_000196.png, frame_000197.png, frame_000198.png, frame_000199.png, frame_000200.png, frame_000201.png"
frame_000187.png,"frame_000169.png, frame_000170.png, frame_000171.png, frame_000172.png, frame_000173.png, frame_000174.png, frame_000175.png, frame_000176.png, frame_000177.png, frame_000178.png, frame_000179.png, frame_000180.png, frame_000181.png, frame_000182.png, frame_000183.png, frame_000184.png, frame_000185.png, frame_000186.png, frame_000187.png, frame_000188.png, frame_000189.png, frame_000190.png, frame_000191.png, frame_000192.png, frame_000193.png, frame_000194.png, frame_000195.png, frame_000196.png, frame_000197.png, frame_000198.png, frame_000199.png, frame_000200.png, frame_000201.png"
frame_000188.png,"frame_000170.png, frame_000171.png, frame_000172.png, frame_000173.png, frame_000174.png, frame_000175.png, frame_000176.png, frame_000177.png, frame_000178.png, frame_000179.png, frame_000180.png, frame_000181.png, frame_000182.png, frame_000183.png, frame_000184.png, frame_000185.png, frame_000186.png, frame_000187.png, frame_000188.png, frame_000189.png, frame_000190.png, frame_000191.png, frame_000192.png, frame_000193.png, frame_000194.png, frame_000195.png, frame_000196.png, frame_000197.png, frame_000198.png, frame_000199.png, frame_000200.png, frame_000201.png"
frame_000189.png,"frame_000171.png, frame_000172.png, frame_000173.png, frame_000174.png, frame_000175.png, frame_000176.png, frame_000177.png, frame_000178.png, frame_000179.png, frame_000180.png, frame_000181.png, frame_000182.png, frame_000183.png, frame_000184.png, frame_000185.png, frame_000186.png, frame_000187.png, frame_000188.png, frame_000189.png, frame_000190.png, frame_000191.png, frame_000192.png, frame_000193.png, frame_000194.png, frame_000195.png, frame_000196.png, frame_000197.png, frame_000198.png, frame_000199.png, frame_000200.png, frame_000201.png"
frame_000190.png,"frame_000172.png, frame_000173.png, frame_000174.png, frame_000175.png, frame_000176.png, frame_000177.png, frame_000178.png, frame_000179.png, frame_000180.png, frame_000181.png, frame_000182.png, frame_000183.png, frame_000184.png, frame_000185.png, frame_000186.png, frame_000187.png, frame_000188.png, frame_000189.png, frame_000190.png, frame_000191.png, frame_000192.png, frame_000193.png, frame_000194.png, frame_000195.png, frame_000196.png, frame_000197.png, frame_000198.png, frame_000199.png, frame_000200.png, frame_000201.png"
frame_000191.png,"frame_000173.png, frame_000174.png, frame_000175.png, frame_000176.png, frame_000177.png, frame_000178.png, frame_000179.png, frame_000180.png, frame_000181.png, frame_000182.png, frame_000183.png, frame_000184.png, frame_000185.png, frame_000186.png, frame_000187.png, frame_000188.png, frame_000189.png, frame_000190.png, frame_000191.png, frame_000192.png, frame_000193.png, frame_000194.png, frame_000195.png, frame_000196.png, frame_000197.png, frame_000198.png, frame_000199.png, frame_000200.png, frame_000201.png"
frame_000192.png,"frame_000174.png, frame_000175.png, frame_000176.png, frame_000177.png, frame_000178.png, frame_000179.png, frame_000180.png, frame_000181.png, frame_000182.png, frame_000183.png, frame_000184.png, frame_000185.png, frame_000186.png, frame_000187.png, frame_000188.png, frame_000189.png, frame_000190.png, frame_000191.png, frame_000192.png, frame_000193.png, frame_000194.png, frame_000195.png, frame_000196.png, frame_000197.png, frame_000198.png, frame_000199.png, frame_000200.png, frame_000201.png"
frame_000193.png,"frame_000175.png, frame_000176.png, frame_000177.png, frame_000178.png, frame_000179.png, frame_000180.png, frame_000181.png, frame_000182.png, frame_000183.png, frame_000184.png, frame_000185.png, frame_000186.png, frame_000187.png, frame_000188.png, frame_000189.png, frame_000190.png, frame_000191.png, frame_000192.png, frame_000193.png, frame_000194.png, frame_000195.png, frame_000196.png, frame_000197.png, frame_000198.png, frame_000199.png, frame_000200.png, frame_000201.png"
frame_000194.png,"frame_000176.png, frame_000177.png, frame_000178.png, frame_000179.png, frame_000180.png, frame_000181.png, frame_000182.png, frame_000183.png, frame_000184.png, frame_000185.png, frame_000186.png, frame_000187.png, frame_000188.png, frame_000189.png, frame_000190.png, frame_000191.png, frame_000192.png, frame_000193.png, frame_000194.png, frame_000195.png, frame_000196.png, frame_000197.png, frame_000198.png, frame_000199.png, frame_000200.png, frame_000201.png"
frame_000195.png,"frame_000177.png, frame_000178.png, frame_000179.png, frame_000180.png, frame_000181.png, frame_000182.png, frame_000183.png, frame_000184.png, frame_000185.png, frame_000186.png, frame_000187.png, frame_000188.png, frame_000189.png, frame_000190.png, frame_000191.png, frame_000192.png, frame_000193.png, frame_000194.png, frame_000195.png, frame_000196.png, frame_000197.png, frame_000198.png, frame_000199.png, frame_000200.png, frame_000201.png"
frame_000196.png,"frame_000178.png, frame_000179.png, frame_000180.png, frame_000181.png, frame_000182.png, frame_000183.png, frame_000184.png, frame_000185.png, frame_000186.png, frame_000187.png, frame_000188.png, frame_000189.png, frame_000190.png, frame_000191.png, frame_000192.png, frame_000193.png, frame_000194.png, frame_000195.png, frame_000196.png, frame_000197.png, frame_000198.png, frame_000199.png, frame_000200.png, frame_000201.png"
frame_000197.png,"frame_000179.png, frame_000180.png, frame_000181.png, frame_000182.png, frame_000183.png, frame_000184.png, frame_000185.png, frame_000186.png, frame_000187.png, frame_000188.png, frame_000189.png, frame_000190.png, frame_000191.png, frame_000192.png, frame_000193.png, frame_000194.png, frame_000195.png, frame_000196.png, frame_000197.png, frame_000198.png, frame_000199.png, frame_000200.png, frame_000201.png"
frame_000198.png,"frame_000180.png, frame_000181.png, frame_000182.png, frame_000183.png, frame_000184.png, frame_000185.png, frame_000186.png, frame_000187.png, frame_000188.png, frame_000189.png, frame_000190.png, frame_000191.png, frame_000192.png, frame_000193.png, frame_000194.png, frame_000195.png, frame_000196.png, frame_000197.png, frame_000198.png, frame_000199.png, frame_000200.png, frame_000201.png"
frame_000199.png,"frame_000181.png, frame_000182.png, frame_000183.png, frame_000184.png, frame_000185.png, frame_000186.png, frame_000187.png, frame_000188.png, frame_000189.png, frame_000190.png, frame_000191.png, frame_000192.png, frame_000193.png, frame_000194.png, frame_000195.png, frame_000196.png, frame_000197.png, frame_000198.png, frame_000199.png, frame_000200.png, frame_000201.png"
frame_000200.png,"frame_000182.png, frame_000183.png, frame_000184.png, frame_000185.png, frame_000186.png, frame_000187.png, frame_000188.png, frame_000189.png, frame_000190.png, frame_000191.png, frame_000192.png, frame_000193.png, frame_000194.png, frame_000195.png, frame_000196.png, frame_000197.png, frame_000198.png, frame_000199.png, frame_000200.png, frame_000201.png"
frame_000201.png,"frame_000183.png, frame_000184.png, frame_000185.png, frame_000186.png, frame_000187.png, frame_000188.png, frame_000189.png, frame_000190.png, frame_000191.png, frame_000192.png, frame_000193.png, frame_000194.png, frame_000195.png, frame_000196.png, frame_000197.png, frame_000198.png, frame_000199.png, frame_000200.png, frame_000201.png"
frame_000202.png,"frame_000184.png, frame_000185.png, frame_000186.png, frame_000187.png, frame_000188.png, frame_000189.png, frame_000190.png, frame_000191.png, frame_000192.png, frame_000193.png, frame_000194.png, frame_000195.png, frame_000196.png, frame_000197.png, frame_000198.png, frame_000199.png, frame_000200.png, frame_000201.png"
frame_000203.png,"frame_000185.png, frame_000186.png, frame_000187.png, frame_000188.png, frame_000189.png, frame_000190.png, frame_000191.png, frame_000192.png, frame_000193.png, frame_000194.png, frame_000195.png, frame_000196.png, frame_000197.png, frame_000198.png, frame_000199.png, frame_000200.png, frame_000201.png"
frame_000204.png,"frame_000186.png, frame_000187.png, frame_000188.png, frame_000189.png, frame_000190.png, frame_000191.png, frame_000192.png, frame_000193.png, frame_000194.png, frame_000195.png, frame_000196.png, frame_000197.png, frame_000198.png, frame_000199.png, frame_000200.png, frame_000201.png"
frame_000205.png,"frame_000187.png, frame_000188.png, frame_000189.png, frame_000190.png, frame_000191.png, frame_000192.png, frame_000193.png, frame_000194.png, frame_000195.png, frame_000196.png, frame_000197.png, frame_000198.png, frame_000199.png, frame_000200.png, frame_000201.png"
frame_000206.png,"frame_000188.png, frame_000189.png, frame_000190.png, frame_000191.png, frame_000192.png, frame_000193.png, frame_000194.png, frame_000195.png, frame_000196.png, frame_000197.png, frame_000198.png, frame_000199.png, frame_000200.png, frame_000201.png"
frame_000207.png,"frame_000189.png, frame_000190.png, frame_000191.png, frame_000192.png, frame_000193.png, frame_000194.png, frame_000195.png, frame_000196.png, frame_000197.png, frame_000198.png, frame_000199.png, frame_000200.png, frame_000201.png"
frame_000208.png,"frame_000190.png, frame_000191.png, frame_000192.png, frame_000193.png, frame_000194.png, frame_000195.png, frame_000196.png, frame_000197.png, frame_000198.png, frame_000199.png, frame_000200.png, frame_000201.png"
frame_000209.png,"frame_000191.png, frame_000192.png, frame_000193.png, frame_000194.png, frame_000195.png, frame_000196.png, frame_000197.png, frame_000198.png, frame_000199.png, frame_000200.png, frame_000201.png"
frame_000210.png,"frame_000192.png, frame_000193.png, frame_000194.png, frame_000195.png, frame_000196.png, frame_000197.png, frame_000198.png, frame_000199.png, frame_000200.png, frame_000201.png"
frame_000211.png,"frame_000193.png, frame_000194.png, frame_000195.png, frame_000196.png, frame_000197.png, frame_000198.png, frame_000199.png, frame_000200.png, frame_000201.png"
frame_000212.png,"frame_000194.png, frame_000195.png, frame_000196.png, frame_000197.png, frame_000198.png, frame_000199.png, frame_000200.png, frame_000201.png"
frame_000213.png,"frame_000195.png, frame_000196.png, frame_000197.png, frame_000198.png, frame_000199.png, frame_000200.png, frame_000201.png"
frame_000214.png,"frame_000196.png, frame_000197.png, frame_000198.png, frame_000199.png, frame_000200.png, frame_000201.png"
frame_000215.png,"frame_000197.png, frame_000198.png, frame_000199.png, frame_000200.png, frame_000201.png"
frame_000216.png,"frame_000198.png, frame_000199.png, frame_000200.png, frame_000201.png"
frame_000217.png,"frame_000199.png, frame_000200.png, frame_000201.png"
frame_000218.png,"frame_000200.png, frame_000201.png"
frame_000219.png,frame_000201.png
frame_000220.png,
frame_000221.png,
frame_000222.png,
frame_000223.png,
frame_000224.png,
frame_000225.png,
frame_000226.png,
frame_000227.png,
frame_000228.png,
frame_000229.png,
frame_000230.png,
frame_000231.png,
frame_000232.png,
frame_000233.png,
frame_000234.png,
frame_000235.png,
frame_000236.png,
frame_000237.png,
frame_000238.png,
frame_000239.png,
frame_000240.png,
frame_000241.png,
frame_000242.png,
frame_000242.png,
frame_000243.png,
frame_000244.png,
frame_000244.png,
frame_000245.png,
frame_000246.png,
frame_000247.png,
frame_000248.png,
frame_000249.png,
frame_000250.png,
frame_000251.png,
frame_000251.png,
frame_000252.png,
frame_000253.png,
frame_000254.png,
frame_000255.png,
frame_000255.png,
frame_000256.png,
frame_000257.png,
frame_000258.png,
frame_000259.png,
frame_000260.png,
frame_000261.png,
frame_000262.png,
frame_000263.png,
frame_000264.png,
frame_000265.png,
frame_000266.png,
frame_000267.png,
frame_000268.png,
frame_000269.png,
frame_000269.png,
frame_000270.png,
frame_000271.png,
frame_000272.png,
frame_000273.png,
frame_000274.png,
frame_000275.png,
frame_000275.png,
frame_000276.png,
frame_000277.png,
frame_000278.png,
frame_000279.png,
frame_000280.png,
frame_000281.png,
frame_000282.png,
frame_000283.png,
frame_000284.png,
frame_000285.png,
frame_000286.png,
frame_000287.png,
frame_000288.png,
frame_000289.png,
frame_000290.png,
frame_000291.png,
frame_000292.png,
frame_000293.png,
frame_000294.png,
frame_000295.png,
frame_000296.png,
frame_000297.png,
frame_000298.png,
frame_000299.png,
frame_000300.png,
frame_000301.png,
frame_000302.png,
frame_000303.png,
frame_000304.png,
frame_000305.png,
frame_000305.png,
frame_000306.png,
frame_000307.png,
frame_000308.png,
frame_000309.png,
frame_000310.png,
frame_000311.png,
frame_000311.png,
frame_000312.png,
frame_000313.png,
frame_000314.png,
frame_000315.png,
frame_000316.png,
frame_000317.png,
frame_000317.png,
frame_000318.png,
frame_000318.png,
frame_000319.png,
frame_000320.png,
frame_000321.png,
frame_000322.png,
frame_000323.png,
frame_000324.png,
frame_000325.png,
frame_000326.png,
frame_000327.png,
frame_000328.png,
frame_000329.png,
frame_000330.png,
frame_000331.png,
frame_000332.png,
frame_000333.png,
frame_000334.png,
frame_000335.png,
frame_000336.png,
frame_000337.png,
frame_000338.png,
frame_000339.png,
frame_000340.png,
frame_000341.png,
frame_000342.png,
frame_000343.png,
frame_000344.png,
frame_000345.png,
frame_000346.png,
frame_000347.png,
frame_000348.png,
frame_000349.png,
frame_000350.png,
frame_000351.png,
frame_000352.png,
frame_000353.png,
frame_000353.png,
frame_000354.png,
frame_000355.png,
frame_000355.png,
frame_000356.png,
frame_000356.png,
frame_000357.png,
frame_000358.png,
frame_000359.png,
frame_000360.png,
frame_000361.png,
frame_000362.png,
frame_000363.png,
frame_000363.png,
frame_000364.png,
frame_000364.png,
frame_000365.png,
frame_000366.png,
frame_000367.png,
frame_000368.png,
frame_000369.png,
frame_000370.png,
frame_000371.png,
frame_000372.png,
frame_000373.png,
frame_000374.png,
frame_000375.png,
frame_000376.png,
frame_000377.png,
frame_000378.png,
frame_000379.png,
frame_000380.png,
frame_000381.png,
frame_000382.png,
frame_000383.png,
frame_000383.png,
frame_000384.png,
frame_000384.png,
frame_000385.png,
frame_000386.png,
frame_000387.png,
frame_000388.png,
frame_000388.png,
frame_000389.png,
frame_000389.png,
frame_000390.png,
frame_000390.png,
frame_000391.png,
frame_000392.png,
frame_000393.png,
frame_000394.png,
frame_000395.png,
frame_000396.png,
frame_000396.png,
frame_000397.png,
frame_000398.png,
frame_000399.png,
frame_000400.png,
frame_000401.png,
frame_000402.png,
frame_000403.png,
frame_000404.png,
frame_000405.png,
frame_000405.png,
frame_000406.png,
frame_000407.png,
frame_000408.png,
frame_000409.png,
frame_000410.png,
frame_000411.png,
frame_000412.png,
frame_000413.png,
frame_000414.png,
frame_000415.png,
frame_000416.png,
frame_000417.png,
frame_000418.png,
frame_000419.png,
frame_000420.png,
frame_000421.png,
frame_000422.png,
frame_000423.png,
frame_000424.png,
frame_000425.png,
frame_000426.png,
frame_000427.png,
frame_000428.png,
frame_000429.png,
frame_000430.png,
frame_000431.png,
frame_000432.png,
frame_000433.png,
frame_000434.png,
frame_000435.png,
frame_000436.png,
frame_000436.png,
frame_000437.png,
frame_000438.png,
frame_000439.png,
frame_000440.png,
frame_000441.png,
frame_000442.png,
frame_000443.png,
frame_000444.png,
frame_000445.png,
frame_000445.png,
frame_000446.png,
frame_000447.png,
frame_000448.png,
frame_000449.png,
frame_000450.png,
frame_000451.png,
frame_000452.png,
frame_000453.png,
frame_000454.png,
frame_000455.png,
frame_000456.png,
frame_000457.png,
frame_000458.png,
frame_000459.png,
frame_000460.png,
frame_000461.png,
frame_000462.png,
frame_000462.png,
frame_000463.png,
frame_000464.png,
frame_000465.png,
frame_000466.png,
frame_000467.png,
frame_000468.png,
frame_000469.png,
frame_000470.png,
frame_000471.png,
frame_000472.png,
frame_000473.png,
frame_000474.png,
frame_000475.png,
frame_000476.png,
frame_000477.png,
frame_000478.png,
frame_000479.png,
frame_000480.png,
frame_000481.png,
frame_000482.png,
frame_000483.png,
frame_000484.png,
frame_000485.png,
frame_000486.png,
frame_000487.png,
frame_000488.png,
frame_000489.png,
frame_000490.png,
frame_000491.png,
frame_000492.png,
frame_000493.png,
frame_000494.png,
frame_000495.png,
frame_000496.png,
frame_000497.png,
frame_000498.png,
frame_000499.png,
frame_000500.png,
frame_000501.png,
frame_000502.png,
frame_000503.png,
frame_000504.png,
frame_000504.png,
frame_000505.png,
frame_000506.png,
frame_000507.png,
frame_000508.png,
frame_000509.png,
frame_000510.png,
frame_000510.png,
frame_000511.png,
frame_000512.png,
frame_000513.png,
frame_000514.png,
frame_000515.png,
frame_000516.png,
frame_000517.png,
frame_000518.png,
frame_000519.png,
frame_000520.png,
frame_000521.png,
frame_000522.png,
frame_000523.png,
frame_000524.png,
frame_000525.png,
frame_000526.png,
frame_000527.png,
frame_000528.png,
frame_000529.png,
frame_000530.png,
frame_000531.png,
frame_000532.png,
frame_000533.png,
frame_000534.png,
frame_000534.png,
frame_000535.png,
frame_000536.png,
frame_000537.png,
frame_000538.png,
frame_000539.png,
frame_000540.png,
frame_000541.png,
frame_000542.png,
frame_000543.png,
frame_000544.png,
frame_000545.png,
frame_000545.png,
frame_000546.png,
frame_000547.png,
frame_000548.png,
frame_000549.png,
frame_000550.png,
frame_000551.png,
frame_000552.png,
frame_000553.png,
frame_000554.png,
frame_000555.png,
frame_000556.png,
frame_000557.png,
frame_000558.png,
frame_000559.png,
frame_000560.png,
frame_000561.png,
frame_000562.png,
frame_000563.png,
frame_000563.png,
frame_000564.png,
frame_000565.png,
frame_000566.png,
frame_000567.png,
frame_000568.png,
frame_000569.png,
frame_000570.png,
frame_000571.png,
frame_000572.png,
frame_000573.png,
frame_000574.png,
frame_000575.png,
frame_000576.png,
frame_000577.png,
frame_000578.png,
frame_000579.png,
frame_000580.png,
frame_000581.png,
frame_000582.png,
frame_000583.png,
frame_000584.png,
frame_000585.png,
frame_000586.png,
frame_000587.png,
frame_000588.png,
frame_000589.png,
frame_000590.png,
frame_000591.png,
frame_000592.png,
frame_000593.png,
frame_000594.png,
frame_000595.png,
frame_000596.png,
frame_000597.png,
frame_000598.png,
frame_000599.png,
frame_000600.png,
frame_000601.png,
frame_000602.png,
frame_000603.png,
frame_000604.png,
frame_000605.png,
frame_000606.png,
frame_000607.png,
frame_000608.png,
frame_000609.png,
frame_000610.png,
frame_000610.png,
frame_000611.png,
frame_000611.png,
frame_000612.png,
frame_000613.png,
frame_000613.png,
frame_000614.png,
frame_000615.png,
frame_000616.png,
frame_000617.png,
frame_000618.png,
frame_000619.png,
frame_000620.png,
frame_000621.png,
frame_000622.png,
frame_000623.png,
frame_000624.png,
frame_000625.png,
frame_000626.png,
frame_000627.png,
frame_000628.png,
frame_000629.png,
frame_000630.png,
frame_000631.png,
frame_000632.png,
frame_000632.png,
frame_000633.png,
frame_000634.png,
frame_000635.png,
frame_000636.png,
frame_000637.png,
frame_000638.png,
frame_000639.png,
frame_000640.png,
frame_000641.png,
frame_000642.png,
frame_000643.png,
frame_000644.png,
frame_000645.png,
frame_000646.png,
frame_000647.png,
frame_000648.png,
frame_000649.png,
frame_000650.png,
frame_000651.png,
frame_000652.png,
frame_000653.png,
frame_000654.png,
frame_000655.png,
frame_000656.png,
frame_000657.png,
frame_000658.png,
frame_000659.png,
frame_000660.png,
frame_000661.png,
frame_000662.png,
frame_000663.png,
frame_000664.png,
frame_000665.png,
frame_000666.png,
frame_000667.png,
frame_000668.png,
frame_000669.png,
frame_000670.png,
frame_000671.png,
frame_000672.png,
frame_000673.png,
frame_000674.png,
frame_000675.png,
frame_000676.png,
frame_000677.png,
frame_000678.png,
frame_000679.png,
frame_000680.png,
frame_000681.png,
frame_000682.png,
frame_000683.png,
frame_000684.png,
frame_000685.png,
frame_000685.png,
frame_000686.png,
frame_000687.png,
frame_000688.png,
frame_000689.png,
frame_000690.png,
frame_000691.png,
frame_000692.png,
frame_000693.png,
frame_000694.png,
frame_000695.png,
frame_000695.png,
frame_000696.png,
frame_000697.png,
frame_000698.png,
frame_000699.png,
frame_000700.png,
frame_000701.png,
frame_000702.png,
frame_000703.png,
frame_000704.png,
frame_000705.png,
frame_000706.png,
frame_000707.png,
frame_000708.png,
frame_000709.png,
frame_000710.png,
frame_000711.png,
frame_000712.png,
frame_000713.png,
frame_000714.png,
frame_000715.png,
frame_000716.png,
frame_000717.png,
frame_000718.png,
